Equipment_ID,Equipment_Name,Department,Manufacturer,Installation_Date,Last_Service_Date,Next_Maintenance_Date,Daily_Usage_Limit,Equipment_Status,Temperature_Readings,Pressure_Load_Readings,Rotational_Speed_RPM,Power_Voltage_Usage,Usage_Hours_Per_Day,Vibration_Torque_Level,Maintenance_Overdue,Power_Backup_Available,Failure_Type,resource_failure,Downtime_Duration,Past_Repairs_Count,Failure_Type_Encoded,Predicted_Failure_Type,Failure_Probability,Estimated_Downtime,Reactive_Cost,Preventive_Cost,Cost_Saved,Prevented_Failure_Savings,Maintenance_Action,Live_Cost_Saved,Downtime_Cost,Repair_Cost,AI_Recommendation
EQ001,MRI Scanner,Radiology,GE Healthcare,2022-01-10,2025-05-01,2025-06-01,12,Active,78.60048662953982,45,3000,220,16,11.385865996376038,1,1,heat,1,7.0,2.0,0.0,wear,0.3786292959254527,3.786292959254527,18931.464796272634,11358.87887776358,7572.585918509054,5679.43943888179,⚠️ PREVENTIVE,13870.43943888179,3029.0343674036217,1200.0,⚠️ Reduce equipment workload
EQ002,CT Scanner,Radiology,Siemens,2021-03-12,2025-04-15,2025-05-20,10,Active,64.17436520703637,40,2500,215,10,7.831337428523809,0,1,wear,0,7.0,2.0,2.0,wear,0.32358123973393194,3.2358123973393194,16179.061986696597,9707.437192017958,6471.624794678639,4853.718596008979,🟢 NORMAL,13640.71859600898,2588.6499178714553,1200.0,✅ Equipment operating normally
EQ003,Ventilator,ICU,Philips,2020-08-22,2025-05-10,2025-06-15,18,Critical,85.01501586946287,60,4000,230,18,14.0707638517885,1,0,power,1,4.0,3.0,1.0,power,0.1457900322163277,1.457900322163277,7289.5016108163845,4373.7009664898305,2915.800644326554,2186.8504832449153,⚠️ PREVENTIVE,4531.850483244915,1166.3202577306215,1800.0,🌡️ Cooling inspection needed
EQ004,X-Ray Machine,Radiology,Canon,2023-02-18,2025-04-28,2025-05-30,11,Active,69.79590078964337,48,2800,218,12,9.466360542971392,0,1,wear,0,8.0,4.0,2.0,wear,0.37715423364311185,3.7715423364311187,18857.711682155594,11314.627009293356,7543.084672862238,5657.313504646678,🟢 NORMAL,14499.313504646678,3017.233869144895,2400.0,⚠️ Reduce equipment workload
EQ005,ECG Monitor,Cardiology,Medtronic,2022-11-05,2025-05-08,2025-06-08,14,Maintenance,91.48162297874123,65,4200,240,20,17.635157416492472,1,0,heat,1,1.0,3.0,0.0,heat,0.33457964848041477,3.345796484804148,16728.982424020738,10037.389454412443,6691.592969608295,5018.694727206222,⚠️ PREVENTIVE,13540.69472720622,2676.6371878433183,1800.0,⚠️ Reduce equipment workload
EQ006,Defibrillator,Emergency,Zoll,2021-06-11,2025-05-03,2025-06-05,10,Active,60.46508726221453,35,2200,210,8,4.934262945315294,0,1,power,0,5.0,1.0,1.0,power,0.5274184736739757,5.274184736739756,26370.92368369878,15822.554210219267,10548.369473479514,7911.277105109635,🟢 NORMAL,16976.277105109635,4219.347789391805,600.0,✅ Equipment operating normally
EQ007,Dialysis Machine,Dialysis,Fresenius,2020-09-15,2025-05-02,2025-06-12,15,Critical,88.13835363226059,62,4100,235,19,16.804539632499694,1,0,heat,1,6.0,1.0,0.0,heat,0.43031394653270083,4.303139465327009,21515.697326635043,12909.418395981025,8606.278930654018,6454.709197990513,⚠️ PREVENTIVE,8047.709197990513,3442.5115722616065,600.0,⚠️ Reduce equipment workload
EQ008,Blood Analyzer,Laboratory,Roche,2023-01-20,2025-04-25,2025-05-28,10,Active,72.0873603303299,50,2900,220,11,11.066384528784894,0,1,wear,0,4.0,2.0,2.0,wear,0.34376719234834185,3.4376719234834185,17188.359617417093,10313.015770450254,6875.343846966838,5156.507885225128,🟢 NORMAL,10644.507885225128,2750.1375387867347,1200.0,⚠️ Reduce equipment workload
EQ009,Infusion Pump,Emergency,Baxter,2022-04-10,2025-05-04,2025-06-10,12,Maintenance,82.59694255607698,58,3800,228,17,13.360200779055724,1,0,power,1,9.0,2.0,1.0,power,0.30778941918401476,3.0778941918401475,15389.470959200737,9233.68257552044,6155.788383680296,4616.841287760221,⚠️ PREVENTIVE,10121.84128776022,2462.315353472118,1200.0,⚠️ Reduce equipment workload
EQ010,Anesthesia Machine,Operation Theatre,Drager,2021-12-30,2025-04-30,2025-06-02,9,Active,67.45738871441283,42,2600,216,9,7.590083231296149,0,1,wear,0,3.0,1.0,2.0,wear,0.33784973252455525,3.3784973252455526,16892.486626227765,10135.491975736659,6756.994650491106,5067.7459878683285,🟢 NORMAL,7871.7459878683285,2702.797860196442,600.0,✅ Equipment operating normally
EQ011,Ultrasound Machine,Radiology,Samsung Medison,2022-03-18,2025-05-06,2025-06-09,13,Active,73.6339047317237,47,3100,222,13,11.048235964131385,0,1,heat,0,3.0,3.0,0.0,wear,0.12810746643005966,1.2810746643005966,6405.373321502982,3843.223992901789,2562.1493286011932,1921.6119964508948,🟢 NORMAL,7821.611996450894,1024.8597314404772,1800.0,✅ Equipment operating normally
EQ012,Patient Monitor,ICU,Nihon Kohden,2021-07-21,2025-05-05,2025-06-06,14,Maintenance,78.88350886983888,55,3500,225,15,12.817632109057815,1,1,power,1,2.0,4.0,1.0,power,0.19874706241565088,1.9874706241565088,9937.353120782544,5962.411872469526,3974.9412483130172,2981.205936234763,🟢 NORMAL,10977.205936234763,1589.976499325207,2400.0,⚠️ Reduce equipment workload
EQ013,Syringe Pump,Emergency,B Braun,2023-01-11,2025-05-09,2025-06-14,10,Active,66.08510947967102,39,2400,214,9,6.897854574732163,0,1,wear,0,3.0,4.0,2.0,wear,0.5161344506542619,5.161344506542619,25806.722532713095,15484.033519627856,10322.689013085239,7742.016759813929,🟢 NORMAL,17448.01675981393,4129.075605234095,2400.0,🛠️ Replace worn-out components
EQ014,Heart Lung Machine,Cardiology,Terumo,2020-10-25,2025-04-29,2025-06-01,16,Critical,93.24446535357876,70,4300,245,21,19.022577150145413,1,0,heat,1,2.0,4.0,0.0,heat,0.5257876056655206,5.257876056655206,26289.38028327603,15773.628169965617,10515.752113310413,7886.81408498281,⚠️ PREVENTIVE,10765.814084982809,4206.3008453241655,2400.0,⚠️ Reduce equipment workload
EQ015,OT Light,Operation Theatre,Steris,2022-08-09,2025-05-07,2025-06-11,8,Active,65.5845100124922,36,2300,212,8,5.351823271554712,0,1,power,0,3.0,3.0,1.0,power,0.6395973088960509,6.39597308896051,31979.865444802548,19187.919266881527,12791.946177921021,9593.959633440763,🟡 SCHEDULE SOON,19164.95963344076,5116.778471168407,1800.0,✅ Equipment operating normally
EQ016,Incubator,Neonatal ICU,Atom Medical,2021-09-12,2025-05-01,2025-06-03,12,Maintenance,75.6070215361934,52,3200,224,14,11.68641966311479,1,1,wear,1,5.0,1.0,2.0,wear,0.9800426654692139,9.800426654692139,49002.13327346069,29401.279964076413,19600.853309384278,14700.639982038208,🔴 URGENT,20410.639982038207,7840.341323753712,600.0,🚨 Immediate maintenance required
EQ017,Portable Ventilator,Emergency,ResMed,2020-06-17,2025-04-27,2025-05-29,15,Critical,90.63729122929483,64,4150,238,20,16.608980051110162,1,0,heat,1,1.0,3.0,0.0,heat,0.45652034236315897,4.56520342363159,22826.01711815795,13695.61027089477,9130.40684726318,6847.805135447385,⚠️ PREVENTIVE,14291.805135447385,3652.162738905272,1800.0,⚠️ Reduce equipment workload
EQ018,Lab Centrifuge,Laboratory,Eppendorf,2023-02-01,2025-05-10,2025-06-15,9,Active,65.8410524047,41,2550,217,10,8.329828240311803,0,1,wear,0,3.0,3.0,2.0,wear,0.27100733229134233,2.7100733229134235,13550.366614567118,8130.21996874027,5420.146645826848,4065.109984370135,🟢 NORMAL,6209.109984370135,2168.0586583307386,1800.0,⚠️ Reduce equipment workload
EQ019,Hospital Refrigerator,Pharmacy,Haier Biomedical,2021-11-08,2025-05-04,2025-06-07,13,Maintenance,79.6779590460813,57,3600,229,16,14.073938644010804,1,1,power,1,1.0,2.0,1.0,power,0.3062029166566817,3.062029166566817,15310.145832834085,9186.08749970045,6124.058333133635,4593.043749850225,⚠️ PREVENTIVE,8267.043749850225,2449.6233332534534,1200.0,⚠️ Reduce equipment workload
EQ020,Oxygen Concentrator,ICU,Invacare,2022-05-14,2025-05-02,2025-06-05,11,Active,71.41927383158384,46,2850,221,12,9.417754843020212,0,1,wear,0,4.0,1.0,2.0,wear,0.4141650565971119,4.141650565971119,20708.252829855595,12424.951697913357,8283.301131942238,6212.475848956678,🟢 NORMAL,14958.475848956678,3313.3204527768953,600.0,⚠️ Reduce equipment workload
EQ021,Portable ECG,Cardiology,Philips,2022-02-15,2025-05-05,2025-06-05,12,Active,71.77385291059188,44,2900,220,11,10.434996410770044,0,1,wear,0,8.0,4.0,2.0,wear,0.29254995118886623,2.9254995118886624,14627.497559443313,8776.498535665987,5850.999023777325,4388.249267832994,🟢 NORMAL,11129.249267832995,2340.3996095109296,2400.0,🛠️ Replace worn-out components
EQ022,Portable Ventilator,ICU,Drager,2021-05-12,2025-05-01,2025-06-10,15,Critical,86.50779405099183,60,4100,235,19,15.707149100556588,1,0,heat,1,4.0,4.0,0.0,heat,0.42720307817523107,4.272030781752311,21360.153908761553,12816.092345256931,8544.061563504622,6408.046172628466,⚠️ PREVENTIVE,13228.046172628467,3417.6246254018483,2400.0,⚠️ Reduce equipment workload
EQ023,Defibrillator,Emergency,Zoll,2020-08-19,2025-05-03,2025-06-04,10,Maintenance,80.11941732162859,58,3600,228,17,13.224232396971017,1,1,power,1,8.0,4.0,1.0,power,0.34865610386636886,3.4865610386636887,17432.805193318443,10459.683115991065,6973.122077327378,5229.841557995533,⚠️ PREVENTIVE,9004.841557995533,2789.248830930951,2400.0,⚠️ Reduce equipment workload
EQ024,Patient Monitor,ICU,Nihon Kohden,2022-06-22,2025-05-07,2025-06-12,14,Active,74.27879531212103,50,3200,223,13,11.000326630238185,0,1,wear,0,9.0,2.0,2.0,wear,0.4392754945556758,4.392754945556758,21963.77472778379,13178.264836670274,8785.509891113517,6589.132418335137,🟢 NORMAL,9955.132418335137,3514.2039564454067,1200.0,✅ Equipment operating normally
EQ025,Dialysis Machine,Dialysis,Fresenius,2020-11-10,2025-05-06,2025-06-15,16,Critical,91.81645083127698,68,4300,242,21,18.35807960508511,1,0,heat,1,7.0,3.0,0.0,heat,0.14214599549381268,1.4214599549381268,7107.299774690634,4264.37986481438,2842.9199098762538,2132.18993240719,⚠️ PREVENTIVE,3595.18993240719,1137.1679639505014,1800.0,⚠️ Reduce equipment workload
EQ026,Infusion Pump,Emergency,Baxter,2023-01-18,2025-05-09,2025-06-13,11,Active,68.22068435790763,42,2500,215,9,7.128990499173298,0,1,power,0,2.0,1.0,1.0,power,0.4331198018254855,4.331198018254855,21655.990091274274,12993.594054764564,8662.39603650971,6496.797027382282,🟢 NORMAL,14467.797027382283,3464.9584146038837,600.0,✅ Equipment operating normally
EQ027,Syringe Pump,ICU,B Braun,2021-09-09,2025-05-02,2025-06-06,12,Maintenance,76.45288417220466,55,3400,225,15,12.431357805385185,1,1,wear,1,9.0,3.0,2.0,power,0.27158314149019736,2.7158314149019738,13579.157074509869,8147.494244705921,5431.662829803948,4073.74712235296,🟢 NORMAL,5097.74712235296,2172.665131921579,1800.0,⚠️ Reduce equipment workload
EQ028,Oxygen Concentrator,ICU,Invacare,2022-04-11,2025-05-04,2025-06-08,13,Active,71.75327666583324,47,3000,220,12,10.591089202286085,0,1,power,0,2.0,3.0,1.0,power,0.4839538830625917,4.839538830625917,24197.69415312958,14518.616491877749,9679.077661251833,7259.308245938875,🟢 NORMAL,10027.308245938875,3871.6310645007334,1800.0,✅ Equipment operating normally
EQ029,Ultrasound Machine,Radiology,GE Healthcare,2021-12-15,2025-05-05,2025-06-09,14,Active,74.40439240719085,49,3100,224,13,11.213065333456196,0,1,heat,0,5.0,4.0,0.0,heat,0.3936668486450273,3.936668486450273,19683.342432251364,11810.005459350818,7873.336972900546,5905.00272967541,🟢 NORMAL,14660.002729675409,3149.3347891602184,2400.0,🛠️ Replace worn-out components
EQ030,MRI Scanner,Radiology,Siemens,2020-07-25,2025-05-01,2025-06-01,18,Critical,92.62763060758044,72,4500,248,22,20.851152836057246,1,0,heat,1,8.0,2.0,0.0,heat,0.4545522562718375,4.545522562718375,22727.612813591877,13636.567688155126,9091.04512543675,6818.283844077562,⚠️ PREVENTIVE,11210.283844077563,3636.4180501747,1200.0,⚠️ Reduce equipment workload
EQ031,CT Scanner,Radiology,Canon,2021-03-17,2025-04-28,2025-06-03,15,Maintenance,83.97420311981054,61,3900,232,18,15.777028846016368,1,1,power,1,9.0,1.0,1.0,power,0.6676689321849038,6.676689321849038,33383.44660924519,20030.067965547114,13353.378643698077,10015.033982773557,⚠️ PREVENTIVE,15105.033982773557,5341.35145747923,600.0,⚠️ Reduce equipment workload
EQ032,X-Ray Machine,Radiology,Philips,2022-08-08,2025-05-06,2025-06-11,11,Active,69.40088349548378,40,2400,214,9,6.361338376415253,0,1,wear,0,5.0,1.0,2.0,power,0.20365323858297463,2.036532385829746,10182.661929148731,6109.597157489238,4073.064771659493,3054.7985787446196,🟢 NORMAL,8703.79857874462,1629.225908663797,600.0,✅ Equipment operating normally
EQ033,ECG Monitor,Cardiology,Medtronic,2023-02-14,2025-05-10,2025-06-14,10,Active,63.90319583295906,39,2350,212,8,4.661630870353219,0,1,power,0,4.0,4.0,1.0,power,0.5264230783904393,5.264230783904393,26321.153919521967,15792.69235171318,10528.461567808787,7896.34617585659,🟢 NORMAL,10259.34617585659,4211.384627123514,2400.0,🛠️ Replace worn-out components
EQ034,Heart Lung Machine,Cardiology,Terumo,2020-10-30,2025-05-02,2025-06-05,17,Critical,94.16947400347425,74,4600,250,23,21.422041020287594,1,0,heat,1,6.0,1.0,0.0,heat,0.4177547832562828,4.177547832562828,20887.73916281414,12532.643497688485,8355.095665125657,6266.3217488442415,⚠️ PREVENTIVE,14556.321748844242,3342.0382660502623,600.0,⚠️ Reduce equipment workload
EQ035,Anesthesia Machine,Operation Theatre,Drager,2021-11-22,2025-05-04,2025-06-07,12,Maintenance,79.5946074838859,56,3550,227,16,13.080938471217772,1,1,power,1,8.0,2.0,1.0,power,0.33585114855465187,3.3585114855465186,16792.557427732594,10075.534456639556,6717.022971093038,5037.767228319778,⚠️ PREVENTIVE,9990.767228319779,2686.8091884372147,1200.0,⚠️ Reduce equipment workload
EQ036,OT Light,Operation Theatre,Steris,2022-09-18,2025-05-08,2025-06-12,8,Active,62.03398656151582,35,2200,210,7,5.096961492820297,0,1,wear,0,8.0,3.0,2.0,wear,0.4940441911151652,4.940441911151652,24702.209555758258,14821.325733454954,9880.883822303304,7410.662866727478,🟢 NORMAL,12869.662866727478,3952.3535289213214,1800.0,✅ Equipment operating normally
EQ037,Incubator,Neonatal ICU,Atom Medical,2021-06-16,2025-05-03,2025-06-06,13,Maintenance,77.6146055707946,54,3300,224,14,10.440860232832893,1,1,wear,1,5.0,3.0,2.0,power,0.21105229002583997,2.1105229002584,10552.614501291999,6331.568700775199,4221.045800516799,3165.7843503875997,🟢 NORMAL,13098.7843503876,1688.4183202067197,1800.0,⚠️ Reduce equipment workload
EQ038,Lab Centrifuge,Laboratory,Eppendorf,2023-01-05,2025-05-09,2025-06-15,9,Active,65.41168402919733,41,2550,217,10,8.029997488252734,0,1,wear,0,4.0,3.0,2.0,wear,0.14382798962813345,1.4382798962813346,7191.399481406673,4314.839688844004,2876.559792562669,2157.419844422002,🟢 NORMAL,11180.419844422002,1150.6239170250676,1800.0,⚠️ Reduce equipment workload
EQ039,Blood Analyzer,Laboratory,Roche,2022-05-21,2025-05-06,2025-06-10,11,Active,71.772449631196,46,2850,219,12,8.516864276239964,0,1,power,0,1.0,1.0,1.0,power,0.6646417204465692,6.646417204465692,33232.08602232846,19939.251613397075,13292.834408931387,9969.625806698537,🟡 SCHEDULE SOON,14074.625806698537,5317.133763572554,600.0,⚠️ Reduce equipment workload
EQ040,Hospital Refrigerator,Pharmacy,Haier Biomedical,2021-08-27,2025-05-04,2025-06-08,12,Maintenance,81.66099001509436,59,3700,230,17,13.18500162773092,1,1,power,1,2.0,1.0,1.0,power,0.3879880026037714,3.879880026037714,19399.400130188573,11639.640078113143,7759.7600520754295,5819.820039056572,⚠️ PREVENTIVE,14789.820039056573,3103.9040208301712,600.0,⚠️ Reduce equipment workload
EQ041,Portable X-Ray,Radiology,Canon,2022-02-18,2025-05-07,2025-06-11,10,Active,68.14862185050866,43,2600,216,10,6.63282812592757,0,1,wear,0,7.0,2.0,2.0,wear,0.36546904014029924,3.654690401402992,18273.45200701496,10964.071204208974,7309.380802805985,5482.035602104489,🟢 NORMAL,14761.03560210449,2923.752321122394,1200.0,✅ Equipment operating normally
EQ042,C-Arm Machine,Operation Theatre,Siemens,2020-12-09,2025-05-01,2025-06-02,16,Critical,89.57182498769386,67,4250,240,20,18.000203461754346,1,0,heat,1,8.0,2.0,0.0,heat,0.5061779943539556,5.061779943539556,25308.899717697783,15185.339830618668,10123.559887079115,7592.669915309334,⚠️ PREVENTIVE,17070.669915309336,4049.423954831645,1200.0,⚠️ Reduce equipment workload
EQ043,Mammography Machine,Radiology,Hologic,2021-04-25,2025-05-05,2025-06-09,13,Active,75.10399097856248,48,3050,223,13,10.39872047430415,0,1,wear,0,1.0,4.0,2.0,wear,0.5039642779928596,5.039642779928596,25198.213899642982,15118.928339785789,10079.285559857193,7559.464169892894,🟢 NORMAL,8685.464169892894,4031.7142239428767,2400.0,🛠️ Replace worn-out components
EQ044,Ventilator,ICU,Philips,2020-09-12,2025-05-02,2025-06-05,17,Critical,91.26496653909412,71,4450,247,22,19.03300641165506,1,0,heat,1,5.0,3.0,0.0,heat,0.32667939353879255,3.2667939353879256,16333.969676939629,9800.381806163778,6533.587870775851,4900.190903081888,⚠️ PREVENTIVE,6736.190903081888,2613.4351483103405,1800.0,⚠️ Reduce equipment workload
EQ045,Patient Bed,General Ward,Hillrom,2023-01-30,2025-05-10,2025-06-15,8,Active,60.32788755959529,32,2000,205,6,3.4381343393829633,0,1,power,0,7.0,3.0,1.0,power,0.48979613206260486,4.897961320626049,24489.806603130244,14693.883961878146,9795.922641252098,7346.941980939073,🟢 NORMAL,11222.941980939073,3918.3690565008387,1800.0,✅ Equipment operating normally
EQ046,Suction Apparatus,Emergency,Medela,2021-07-11,2025-05-04,2025-06-08,10,Maintenance,80.14979338608572,57,3650,229,16,13.039056476372318,1,1,power,1,1.0,3.0,1.0,wear,0.770996232203975,7.7099623220397495,38549.81161019875,23129.886966119248,15419.9246440795,11564.943483059624,⚠️ PREVENTIVE,14529.943483059624,6167.9698576318,1800.0,⚠️ Reduce equipment workload
EQ047,Electrosurgical Unit,Operation Theatre,Valleylab,2022-03-15,2025-05-06,2025-06-10,12,Active,73.4424558373509,45,2950,220,11,9.058943027223398,0,1,wear,0,5.0,3.0,2.0,wear,0.22929956255602063,2.292995625560206,11464.97812780103,6878.9868766806185,4585.991251120412,3439.4934383403092,🟢 NORMAL,6803.493438340309,1834.396500448165,1800.0,✅ Equipment operating normally
EQ048,Fetal Monitor,Gynecology,Philips,2021-10-19,2025-05-03,2025-06-07,11,Maintenance,77.32343614379381,53,3350,225,15,12.1898233702014,1,1,wear,1,5.0,1.0,2.0,wear,0.2313572935353353,2.3135729353533527,11567.864676766763,6940.718806060057,4627.145870706706,3470.3594030300296,🟢 NORMAL,9603.35940303003,1850.8583482826823,600.0,⚠️ Reduce equipment workload
EQ049,Phototherapy Unit,NICU,GE Healthcare,2022-06-28,2025-05-08,2025-06-12,9,Active,66.24100345753253,37,2250,211,8,5.683577502977763,0,1,power,0,8.0,2.0,1.0,power,0.21373727313662194,2.137372731366219,10686.863656831096,6412.118194098657,4274.745462732439,3206.059097049329,🟢 NORMAL,4511.059097049329,1709.8981850929756,1200.0,✅ Equipment operating normally
EQ050,Autoclave,CSSD,Steris,2020-05-17,2025-05-01,2025-06-01,18,Critical,94.5549306894185,75,4700,252,24,21.11422922398545,1,0,heat,1,7.0,4.0,0.0,heat,0.28031748172160487,2.803174817216049,14015.874086080245,8409.524451648147,5606.349634432097,4204.762225824073,⚠️ PREVENTIVE,11384.762225824074,2242.539853772839,2400.0,⚠️ Reduce equipment workload
EQ051,Portable ECG Machine,Cardiology,Philips,2022-04-10,2025-05-05,2025-06-09,10,Active,71.45143386885873,42,2600,216,9,7.198695589545055,0,1,wear,0,4.0,1.0,2.0,wear,0.5424278589396452,5.424278589396452,27121.392946982258,16272.835768189354,10848.557178792904,8136.417884094678,🟢 NORMAL,13401.417884094677,4339.422871517161,600.0,✅ Equipment operating normally
EQ052,Telemetry Monitor,ICU,GE Healthcare,2021-06-14,2025-05-02,2025-06-06,14,Maintenance,80.32846593525747,58,3700,229,17,14.408887427946244,1,1,power,1,2.0,2.0,1.0,power,0.10610184386638627,1.0610184386638628,5305.092193319314,3183.0553159915885,2122.0368773277255,1591.527657995794,⚠️ PREVENTIVE,6871.527657995794,848.8147509310902,1200.0,⚠️ Reduce equipment workload
EQ053,Portable Defibrillator,Emergency,Zoll,2020-09-19,2025-05-01,2025-06-03,12,Critical,88.13063990081145,66,4200,239,20,17.701301972819454,1,0,heat,1,2.0,4.0,0.0,heat,0.13748993959465383,1.3748993959465383,6874.496979732691,4124.698187839615,2749.7987918930767,2062.3490939198073,⚠️ PREVENTIVE,4130.349093919807,1099.9195167572307,2400.0,⚠️ Reduce equipment workload
EQ054,Ventilator,ICU,Drager,2022-02-21,2025-05-07,2025-06-12,15,Active,74.51692323034814,49,3150,223,13,11.19992351369612,0,1,wear,0,7.0,3.0,2.0,wear,0.9466199257907983,9.466199257907984,47330.99628953992,28398.597773723952,18932.39851581597,14199.298886861976,🔴 URGENT,19758.298886861976,7572.959406326387,1800.0,🚨 Immediate maintenance required
EQ055,Portable Ultrasound,Radiology,Siemens,2021-08-15,2025-05-04,2025-06-08,11,Maintenance,77.34282681201681,55,3450,226,15,12.677405885359526,1,1,power,1,1.0,1.0,1.0,power,0.346406281150809,3.4640628115080903,17320.31405754045,10392.18843452427,6928.12562301618,5196.094217262135,🟢 NORMAL,13029.094217262136,2771.2502492064723,600.0,⚠️ Reduce equipment workload
EQ056,Blood Gas Analyzer,Laboratory,Roche,2020-11-18,2025-05-03,2025-06-07,13,Active,71.22748779884519,46,2850,219,12,9.327961886635048,0,1,wear,0,8.0,2.0,2.0,wear,0.1847628810939157,1.847628810939157,9238.144054695786,5542.886432817471,3695.2576218783142,2771.4432164087357,🟢 NORMAL,4353.443216408736,1478.1030487513256,1200.0,✅ Equipment operating normally
EQ057,Anesthesia Workstation,Operation Theatre,Drager,2021-10-30,2025-05-05,2025-06-10,16,Critical,90.10271237226458,70,4400,247,22,19.98308690566181,1,0,heat,1,9.0,4.0,0.0,heat,0.5453936906862789,5.453936906862788,27269.68453431394,16361.810720588363,10907.873813725577,8180.905360294183,⚠️ PREVENTIVE,14248.905360294182,4363.149525490231,2400.0,⚠️ Reduce equipment workload
EQ058,ICU Bed,ICU,Hillrom,2022-03-11,2025-05-08,2025-06-13,8,Active,62.07656465523453,34,2100,208,7,4.827471162627733,0,1,power,0,3.0,4.0,1.0,power,0.14548433522364326,1.4548433522364326,7274.216761182163,4364.530056709298,2909.686704472865,2182.265028354649,🟢 NORMAL,3613.265028354649,1163.874681789146,2400.0,🛠️ Replace worn-out components
EQ059,Surgical Light,Operation Theatre,Steris,2021-05-16,2025-05-02,2025-06-06,9,Maintenance,77.05445515038625,53,3300,224,14,11.332756671418302,1,1,wear,1,2.0,2.0,2.0,wear,0.203917632891884,2.03917632891884,10195.8816445942,6117.52898675652,4078.3526578376795,3058.76449337826,🟢 NORMAL,12974.76449337826,1631.341063135072,1200.0,⚠️ Reduce equipment workload
EQ060,Portable Suction Machine,Emergency,Medela,2020-07-20,2025-05-01,2025-06-05,10,Critical,88.1989735442987,64,4150,238,19,17.043369499389293,1,0,heat,1,6.0,3.0,0.0,heat,0.4537472453210345,4.537472453210345,22687.362266051725,13612.417359631034,9074.944906420691,6806.208679815518,⚠️ PREVENTIVE,10124.208679815518,3629.977962568276,1800.0,⚠️ Reduce equipment workload
EQ061,Portable Ventilator,ICU,ResMed,2022-01-13,2025-05-06,2025-06-11,14,Active,74.28809727602291,47,3000,221,12,9.960215349555915,0,1,wear,0,5.0,4.0,2.0,wear,0.5201865207892689,5.201865207892689,26009.32603946344,15605.595623678064,10403.730415785378,7802.797811839033,🟢 NORMAL,15358.797811839033,4161.492166314151,2400.0,🛠️ Replace worn-out components
EQ062,CPAP Machine,Pulmonology,Philips,2021-09-27,2025-05-04,2025-06-08,11,Maintenance,79.3446432690526,56,3550,228,16,12.746916323050892,1,1,power,1,2.0,2.0,1.0,power,0.5244023753313531,5.244023753313531,26220.118766567655,15732.071259940592,10488.047506627063,7866.035629970297,⚠️ PREVENTIVE,13472.035629970298,4195.219002650825,1200.0,⚠️ Reduce equipment workload
EQ063,BIPAP Machine,Pulmonology,ResMed,2020-12-22,2025-05-03,2025-06-07,12,Active,70.67229222325216,45,2800,218,11,8.294285384993747,0,1,wear,0,7.0,2.0,2.0,power,0.3400546545595753,3.400546545595753,17002.732727978764,10201.639636787258,6801.093091191506,5100.819818393629,🟢 NORMAL,14553.81981839363,2720.4372364766023,1200.0,✅ Equipment operating normally
EQ064,Portable X-Ray,Radiology,Canon,2021-04-08,2025-05-02,2025-06-06,13,Critical,91.93471716489886,68,4350,244,21,19.29805996924653,1,0,heat,1,4.0,3.0,0.0,heat,0.39968708438095524,3.9968708438095524,19984.35421904776,11990.612531428656,7993.741687619104,5995.306265714328,⚠️ PREVENTIVE,10633.306265714327,3197.496675047642,1800.0,⚠️ Reduce equipment workload
EQ065,C-Arm Machine,Operation Theatre,Siemens,2022-06-18,2025-05-07,2025-06-12,15,Active,73.87322339392873,50,3200,224,13,11.38359587842117,0,1,wear,0,6.0,3.0,2.0,power,0.7147398271462643,7.1473982714626425,35736.991357313214,21442.194814387927,14294.796542925287,10721.097407193964,🟡 SCHEDULE SOON,15388.097407193964,5717.918617170114,1800.0,✅ Equipment operating normally
EQ066,Digital ECG Recorder,Cardiology,Medtronic,2021-08-11,2025-05-05,2025-06-09,10,Maintenance,78.49026536846247,54,3350,225,15,12.364066302090631,1,1,power,1,9.0,4.0,1.0,power,0.3052497033954634,3.0524970339546345,15262.485169773172,9157.491101863903,6104.994067909269,4578.745550931952,🟢 NORMAL,13000.745550931952,2441.9976271637074,2400.0,⚠️ Reduce equipment workload
EQ067,Infusion Controller,ICU,Baxter,2020-10-15,2025-05-04,2025-06-08,11,Active,70.09742202233404,44,2700,217,10,7.419722032059518,0,1,wear,0,5.0,3.0,2.0,wear,0.9304685184615806,9.304685184615806,46523.425923079034,27914.05555384742,18609.370369231616,13957.02777692371,🔴 URGENT,17279.027776923707,7443.748147692645,1800.0,🚨 Immediate maintenance required
EQ068,Portable Monitor,Emergency,Nihon Kohden,2022-02-25,2025-05-06,2025-06-10,12,Critical,89.61735901383246,65,4180,239,20,17.307124757147747,1,0,heat,1,2.0,2.0,0.0,heat,0.216789864590293,2.16789864590293,10839.49322951465,6503.69593770879,4335.79729180586,3251.8479688543953,⚠️ PREVENTIVE,9483.847968854396,1734.318916722344,1200.0,⚠️ Reduce equipment workload
EQ069,Portable Dialysis Machine,Dialysis,Fresenius,2021-07-19,2025-05-03,2025-06-07,16,Maintenance,84.8980389275802,60,3900,233,18,15.18845640845567,1,1,power,1,4.0,3.0,1.0,power,0.20860509385143755,2.0860509385143757,10430.254692571878,6258.152815543127,4172.101877028751,3129.0764077715635,⚠️ PREVENTIVE,4540.076407771563,1668.8407508115004,1800.0,⚠️ Reduce equipment workload
EQ070,Portable Oxygen Cylinder,Emergency,Invacare,2020-05-23,2025-05-01,2025-06-04,9,Active,66.44026874311582,38,2300,211,8,6.6612024290153276,0,1,wear,0,2.0,2.0,2.0,wear,0.11556645035365594,1.1556645035365594,5778.322517682796,3466.9935106096777,2311.3290070731186,1733.496755304839,🟢 NORMAL,11169.49675530484,924.5316028292475,1200.0,✅ Equipment operating normally
EQ071,Laryngoscope,Emergency,Welch Allyn,2022-03-29,2025-05-08,2025-06-13,10,Maintenance,75.69468445196428,52,3250,223,14,10.85259936640909,1,1,power,1,9.0,3.0,1.0,wear,0.11433320800249401,1.14333208002494,5716.6604001247,3429.9962400748195,2286.66416004988,1714.9981200374102,🟢 NORMAL,10535.99812003741,914.665664019952,1800.0,⚠️ Reduce equipment workload
EQ072,Video Laryngoscope,Emergency,Medtronic,2021-06-12,2025-05-05,2025-06-09,11,Active,70.25300054413876,46,2850,219,12,8.071828778578691,0,1,wear,0,6.0,3.0,2.0,wear,0.19775957296726732,1.9775957296726732,9887.978648363365,5932.787189018019,3955.1914593453466,2966.3935945090097,🟢 NORMAL,5037.39359450901,1582.0765837381384,1800.0,⚠️ Reduce equipment workload
EQ073,ABG Analyzer,ICU,Roche,2020-09-17,2025-05-03,2025-06-06,14,Critical,91.0218588204549,69,4380,245,21,19.403220193626925,1,0,heat,1,4.0,2.0,0.0,heat,0.26287437084210863,2.6287437084210863,13143.718542105431,7886.231125263258,5257.487416842173,3943.1155626316295,⚠️ PREVENTIVE,6630.1155626316295,2102.994966736869,1200.0,⚠️ Reduce equipment workload
EQ074,Portable Infusion Pump,Emergency,B Braun,2022-01-08,2025-05-06,2025-06-10,12,Active,68.30846996584889,41,2500,215,9,7.037226496257742,0,1,power,0,4.0,1.0,1.0,wear,0.8963219180410678,8.963219180410677,44816.095902053385,26889.65754123203,17926.438360821354,13444.828770616017,🔴 URGENT,16600.82877061602,7170.575344328542,600.0,✅ Equipment operating normally
EQ075,Portable Defib Unit,Emergency,Zoll,2021-08-24,2025-05-04,2025-06-08,13,Maintenance,79.925261606771,57,3600,229,17,14.369518160308477,1,1,wear,1,1.0,2.0,2.0,wear,0.35386193490105644,3.538619349010564,17693.096745052822,10615.858047031694,7077.238698021129,5307.929023515847,⚠️ PREVENTIVE,13655.929023515848,2830.8954792084514,1200.0,⚠️ Reduce equipment workload
EQ076,Portable CPAP Machine,ICU,Philips,2020-12-05,2025-05-02,2025-06-05,11,Active,71.08912093806532,43,2650,216,10,8.39752449672935,0,1,wear,0,9.0,2.0,2.0,wear,0.38109822515983316,3.8109822515983316,19054.91125799166,11432.946754794995,7621.964503196663,5716.473377397498,🟢 NORMAL,13736.473377397499,3048.785801278665,1200.0,✅ Equipment operating normally
EQ077,Portable BIPAP Machine,ICU,ResMed,2022-05-11,2025-05-07,2025-06-12,12,Critical,92.96526608751884,71,4450,247,22,20.12305236981587,1,0,heat,1,6.0,1.0,0.0,heat,0.2513451761373263,2.513451761373263,12567.258806866315,7540.355284119789,5026.9035227465265,3770.177642059895,⚠️ PREVENTIVE,6805.177642059894,2010.7614090986106,600.0,⚠️ Reduce equipment workload
EQ078,Wireless Patient Monitor,ICU,GE Healthcare,2021-09-14,2025-05-05,2025-06-09,13,Active,74.61209120560318,48,3050,222,13,11.091439768701102,0,1,power,0,9.0,4.0,1.0,power,0.6879734281969266,6.879734281969267,34398.671409846334,20639.2028459078,13759.468563938535,10319.6014229539,🟡 SCHEDULE SOON,13183.6014229539,5503.787425575413,2400.0,🛠️ Replace worn-out components
EQ079,ICU Central Station,ICU,Nihon Kohden,2020-11-28,2025-05-03,2025-06-06,15,Maintenance,84.43538827059972,61,3920,234,18,14.707021851463434,1,1,wear,1,6.0,2.0,2.0,wear,0.1893547331202478,1.8935473312024782,9467.736656012392,5680.641993607435,3787.0946624049566,2840.320996803717,⚠️ PREVENTIVE,8674.320996803717,1514.8378649619824,1200.0,⚠️ Reduce equipment workload
EQ080,Portable Suction Pump,Emergency,Medela,2022-02-16,2025-05-06,2025-06-10,10,Active,66.03376142147893,40,2450,214,9,6.194477994101791,0,1,power,0,5.0,3.0,1.0,power,0.2386978152016676,2.386978152016676,11934.89076008338,7160.9344560500285,4773.956304033352,3580.4672280250143,🟢 NORMAL,10682.467228025014,1909.5825216133408,1800.0,✅ Equipment operating normally
EQ081,Vacutainer Mixer,Laboratory,Roche,2021-07-07,2025-05-04,2025-06-08,9,Maintenance,75.19133499164678,53,3280,223,14,11.785667257831781,1,1,wear,1,5.0,1.0,2.0,wear,0.4946915193046243,4.946915193046243,24734.575965231215,14840.74557913873,9893.830386092486,7420.372789569365,🟢 NORMAL,9585.372789569365,3957.5321544369945,600.0,⚠️ Reduce equipment workload
EQ082,Portable Lab Analyzer,Laboratory,Siemens,2020-10-21,2025-05-03,2025-06-07,12,Active,71.88722566346047,45,2750,217,11,7.913175926043102,0,1,power,0,5.0,2.0,1.0,power,0.5140481601715323,5.140481601715323,25702.408008576615,15421.444805145968,10280.963203430647,7710.722402572985,🟢 NORMAL,11520.722402572985,4112.385281372259,1200.0,✅ Equipment operating normally
EQ083,Automated Slide Stainer,Pathology,Thermo Fisher,2022-01-19,2025-05-06,2025-06-10,11,Critical,88.69398691085347,66,4200,240,20,17.68299769980157,1,0,heat,1,5.0,4.0,0.0,heat,0.3636570995326849,3.636570995326849,18182.854976634244,10909.712985980546,7273.141990653698,5454.856492990273,⚠️ PREVENTIVE,10383.856492990273,2909.256796261479,2400.0,⚠️ Reduce equipment workload
EQ084,Tissue Embedding System,Pathology,Leica,2021-08-10,2025-05-05,2025-06-09,10,Active,69.5549582336279,42,2550,216,9,6.719749410088257,0,1,wear,0,1.0,1.0,2.0,wear,0.5038814237016461,5.038814237016461,25194.071185082306,15116.442711049383,10077.628474032923,7558.221355524692,🟢 NORMAL,9804.221355524693,4031.051389613169,600.0,✅ Equipment operating normally
EQ085,Histology Water Bath,Pathology,Epredia,2020-12-18,2025-05-03,2025-06-06,9,Maintenance,77.67491518571423,55,3380,225,15,14.329914236575348,1,1,power,1,5.0,2.0,1.0,power,0.26283181573132336,2.6283181573132337,13141.590786566168,7884.954471939701,5256.6363146264675,3942.4772359698504,🟢 NORMAL,12032.47723596985,2102.6545258505867,1200.0,⚠️ Reduce equipment workload
EQ086,Portable Fluoroscopy,Radiology,Philips,2022-03-05,2025-05-07,2025-06-12,14,Active,71.85770619113315,47,2980,220,12,9.702490313389037,0,1,wear,0,2.0,4.0,2.0,wear,0.1420514085563494,1.420514085563494,7102.57042781747,4261.542256690482,2841.028171126988,2130.771128345241,🟢 NORMAL,10516.77112834524,1136.4112684507952,2400.0,🛠️ Replace worn-out components
EQ087,Emergency Ventilator,Emergency,Drager,2021-06-25,2025-05-04,2025-06-08,16,Critical,93.27425956615869,72,4480,248,23,21.597733810131526,1,0,heat,1,8.0,1.0,0.0,heat,0.22635916263528888,2.2635916263528886,11317.958131764442,6790.774879058666,4527.183252705777,3395.3874395293333,⚠️ PREVENTIVE,6488.387439529333,1810.873301082311,600.0,⚠️ Reduce equipment workload
EQ088,Wireless ECG Monitor,Cardiology,Philips,2020-09-09,2025-05-02,2025-06-05,11,Active,71.04075590772027,44,2680,217,10,7.582583042071763,0,1,power,0,4.0,3.0,1.0,power,0.34457165451059907,3.4457165451059906,17228.582725529952,10337.14963531797,6891.433090211982,5168.574817658986,🟢 NORMAL,8636.574817658986,2756.5732360847924,1800.0,✅ Equipment operating normally
EQ089,Portable Blood Analyzer,ICU,Roche,2022-02-12,2025-05-06,2025-06-10,12,Maintenance,81.74561765097829,58,3650,230,17,14.08339327406783,1,1,wear,1,7.0,1.0,2.0,power,0.6288935771095727,6.288935771095727,31444.678855478636,18866.80731328718,12577.871542191457,9433.403656643592,⚠️ PREVENTIVE,12552.403656643592,5031.148616876581,600.0,⚠️ Reduce equipment workload
EQ090,Telemetry System,Cardiology,GE Healthcare,2021-07-30,2025-05-05,2025-06-09,13,Active,75.6218769066556,49,3120,223,13,10.110001538648408,0,1,power,0,5.0,4.0,1.0,wear,0.48510192720568623,4.851019272056862,24255.09636028431,14553.057816170587,9702.038544113724,7276.528908085294,🟢 NORMAL,12422.528908085293,3880.81541764549,2400.0,🛠️ Replace worn-out components
EQ091,Stress Test System,Cardiology,Philips,2020-11-14,2025-05-03,2025-06-06,14,Critical,90.9624394603693,69,4400,246,22,20.860435162338437,1,0,heat,1,7.0,1.0,0.0,heat,0.1299576472283836,1.299576472283836,6497.882361419181,3898.729416851508,2599.1529445676724,1949.364708425754,⚠️ PREVENTIVE,8576.364708425754,1039.6611778270687,600.0,⚠️ Reduce equipment workload
EQ092,Catheterization Lab System,Cardiology,Siemens,2022-04-20,2025-05-07,2025-06-12,17,Active,74.89543464372458,51,3250,224,14,12.571289160411828,0,1,wear,0,5.0,1.0,2.0,wear,0.438675656832325,4.38675656832325,21933.78284161625,13160.269704969749,8773.5131366465,6580.134852484875,🟢 NORMAL,13385.134852484876,3509.4052546586,600.0,✅ Equipment operating normally
EQ093,Portable Echo Machine,Cardiology,GE Healthcare,2021-08-18,2025-05-05,2025-06-09,12,Maintenance,78.78683446984158,56,3500,227,16,12.020753179848553,1,1,power,1,3.0,4.0,1.0,power,0.3473864092401462,3.473864092401462,17369.32046200731,10421.592277204385,6947.728184802923,5210.7961386021925,⚠️ PREVENTIVE,12887.796138602193,2779.0912739211694,2400.0,⚠️ Reduce equipment workload
EQ094,2D Echo Machine,Cardiology,Philips,2020-10-29,2025-05-03,2025-06-07,13,Active,73.50105383312004,46,2820,218,11,8.824549284906428,0,1,wear,0,4.0,3.0,2.0,wear,0.34118605472013597,3.4118605472013597,17059.302736006797,10235.581641604078,6823.721094402719,5117.79082080204,🟢 NORMAL,11176.79082080204,2729.488437761088,1800.0,✅ Equipment operating normally
EQ095,3D Ultrasound,Gynecology,Samsung Medison,2022-01-24,2025-05-06,2025-06-10,14,Critical,89.40892384080261,67,4300,243,21,17.32672953092519,1,0,heat,1,6.0,4.0,0.0,heat,0.10327213789480723,1.0327213789480723,5163.606894740361,3098.1641368442165,2065.4427578961445,1549.0820684221085,⚠️ PREVENTIVE,9657.082068422109,826.1771031584578,2400.0,⚠️ Reduce equipment workload
EQ096,Fetal Doppler,Gynecology,Philips,2021-07-15,2025-05-04,2025-06-08,10,Active,67.38797139584254,40,2400,214,9,7.483466612932755,0,1,power,0,8.0,4.0,1.0,power,0.37363849221864653,3.736384922186465,18681.924610932325,11209.154766559395,7472.76984437293,5604.577383279698,🟢 NORMAL,14031.577383279699,2989.1079377491724,2400.0,🛠️ Replace worn-out components
EQ097,Hysteroscope,Gynecology,Karl Storz,2020-12-11,2025-05-02,2025-06-05,11,Maintenance,79.1856318533897,57,3600,229,17,13.88149347476747,1,1,wear,1,1.0,4.0,2.0,wear,0.37997275627304006,3.799727562730401,18998.637813652003,11399.182688191202,7599.455125460801,5699.591344095601,⚠️ PREVENTIVE,9437.591344095601,3039.7820501843203,2400.0,⚠️ Reduce equipment workload
EQ098,Colposcope,Gynecology,Olympus,2022-03-27,2025-05-07,2025-06-12,12,Active,73.26903213082836,45,2750,217,10,7.888564949933402,0,1,power,0,8.0,3.0,1.0,power,0.4472181693768589,4.472181693768588,22360.908468842943,13416.545081305765,8944.363387537178,6708.272540652883,🟢 NORMAL,7779.272540652883,3577.745355014871,1800.0,✅ Equipment operating normally
EQ099,Neonatal Ventilator,NICU,GE Healthcare,2021-08-09,2025-05-05,2025-06-09,15,Critical,91.47861629942483,70,4420,247,22,19.55063468346521,1,0,heat,1,8.0,3.0,0.0,heat,0.16271865922355092,1.627186592235509,8135.932961177546,4881.559776706527,3254.3731844710182,2440.7798883532637,⚠️ PREVENTIVE,10377.779888353263,1301.7492737884074,1800.0,⚠️ Reduce equipment workload
EQ100,Portable Incubator,NICU,Atom Medical,2020-11-19,2025-05-03,2025-06-06,13,Active,72.08183661359071,48,3000,221,12,10.107369143130757,0,1,wear,0,2.0,3.0,2.0,wear,0.16811424718375378,1.6811424718375378,8405.71235918769,5043.427415512614,3362.2849436750757,2521.7137077563066,🟢 NORMAL,4869.713707756307,1344.9139774700302,1800.0,✅ Equipment operating normally
EQ101,Bilirubin Meter,NICU,Drager,2022-02-08,2025-05-06,2025-06-10,10,Maintenance,75.28205036739533,54,3320,224,14,12.294740342618825,1,1,power,1,6.0,1.0,1.0,power,0.2803710792878851,2.803710792878851,14018.553964394256,8411.132378636554,5607.421585757702,4205.566189318277,🟢 NORMAL,7268.566189318277,2242.968634303081,600.0,⚠️ Reduce equipment workload
EQ102,Infusion Heater,ICU,Baxter,2021-07-02,2025-05-04,2025-06-08,11,Active,69.07750544352218,42,2550,216,9,7.490470388481003,0,1,wear,0,1.0,1.0,2.0,wear,0.3548996442852944,3.5489964428529444,17744.98221426472,10646.989328558831,7097.992885705889,5323.494664279417,🟢 NORMAL,6802.494664279417,2839.1971542823553,600.0,✅ Equipment operating normally
EQ103,High Flow Nasal Cannula,ICU,Fisher & Paykel,2020-10-06,2025-05-02,2025-06-05,14,Critical,91.08223436800962,68,4380,245,21,18.636509832021364,1,0,heat,1,9.0,3.0,0.0,heat,0.9675103133639643,9.675103133639643,48375.51566819822,29025.30940091893,19350.20626727929,14512.654700459465,🔴 URGENT,20689.654700459465,7740.0825069117145,1800.0,🚨 Immediate maintenance required
EQ104,Surgical Navigation System,Operation Theatre,Stryker,2022-01-14,2025-05-06,2025-06-10,16,Active,73.67106617127618,49,3100,223,13,10.495562281256909,0,1,power,0,1.0,3.0,1.0,power,0.42102259099479367,4.210225909947937,21051.129549739686,12630.677729843812,8420.451819895874,6315.338864921905,🟢 NORMAL,8804.338864921905,3368.1807279583495,1800.0,✅ Equipment operating normally
EQ105,OT Pendant,Operation Theatre,Drager,2021-08-20,2025-05-05,2025-06-09,9,Maintenance,77.50456879346744,55,3400,226,15,13.22242896667006,1,1,wear,1,3.0,1.0,2.0,power,0.2694096904310794,2.694096904310794,13470.48452155397,8082.290712932381,5388.193808621589,4041.1453564661906,🟢 NORMAL,11820.14535646619,2155.277523448635,600.0,⚠️ Reduce equipment workload
EQ106,Shadowless Lamp,Operation Theatre,Steris,2020-11-25,2025-05-03,2025-06-07,8,Active,65.1706825009455,38,2250,211,8,6.503677336374244,0,1,power,0,1.0,3.0,1.0,power,0.23790124280617647,2.3790124280617646,11895.062140308823,7137.037284185293,4758.024856123529,3568.518642092647,🟢 NORMAL,11703.518642092647,1903.2099424494118,1800.0,✅ Equipment operating normally
EQ107,Orthopedic Drill,Orthopedics,Stryker,2022-03-03,2025-05-07,2025-06-12,12,Critical,90.47425459637729,64,4180,239,20,18.132525294897047,1,0,heat,1,9.0,2.0,0.0,heat,0.1266748603080851,1.2667486030808512,6333.743015404256,3800.245809242553,2533.4972061617027,1900.1229046212768,⚠️ PREVENTIVE,6258.122904621277,1013.3988824646809,1200.0,⚠️ Reduce equipment workload
EQ108,Portable Traction Unit,Orthopedics,Philips,2021-07-28,2025-05-04,2025-06-08,10,Active,66.94182659185854,41,2480,214,9,6.527556017057396,0,1,wear,0,2.0,2.0,2.0,power,0.2393471404507115,2.3934714045071153,11967.357022535576,7180.414213521345,4786.942809014231,3590.2071067606726,🟢 NORMAL,7267.207106760672,1914.7771236056922,1200.0,✅ Equipment operating normally
EQ109,Portable X-Ray Detector,Radiology,Canon,2020-10-13,2025-05-02,2025-06-05,11,Maintenance,79.32923251754538,56,3500,228,16,12.114200612534075,1,1,power,1,3.0,1.0,1.0,power,0.4855586897426808,4.855586897426808,24277.93448713404,14566.760692280424,9711.173794853616,7283.380346140212,⚠️ PREVENTIVE,12965.380346140213,3884.469517941446,600.0,⚠️ Reduce equipment workload
EQ110,Digital Radiography System,Radiology,Siemens,2022-02-22,2025-05-06,2025-06-10,15,Active,74.18135193968405,50,3180,223,13,10.783746132486005,0,1,wear,0,2.0,2.0,2.0,power,0.13206789270672983,1.3206789270672983,6603.394635336492,3962.036781201895,2641.357854134597,1981.0183906009474,🟢 NORMAL,7757.018390600948,1056.5431416538386,1200.0,✅ Equipment operating normally
EQ111,PACS Server,Radiology,GE Healthcare,2021-08-31,2025-05-05,2025-06-09,18,Critical,93.23184821608557,73,4520,249,24,22.777647446084053,1,0,heat,1,4.0,4.0,0.0,heat,0.1307243829785382,1.307243829785382,6536.21914892691,3921.7314893561456,2614.487659570764,1960.8657446780728,⚠️ PREVENTIVE,4179.865744678073,1045.7950638283055,2400.0,⚠️ Reduce equipment workload
EQ112,Contrast Injector,Radiology,Medrad,2020-11-07,2025-05-03,2025-06-06,10,Active,70.19426656956374,44,2680,217,10,8.248775985338428,0,1,power,0,4.0,4.0,1.0,power,0.12756853822002281,1.275685382200228,6378.42691100114,3827.056146600684,2551.370764400456,1913.5280733003422,🟢 NORMAL,11188.528073300342,1020.5483057601825,2400.0,🛠️ Replace worn-out components
EQ113,Portable MRI,Radiology,Philips,2022-01-16,2025-05-06,2025-06-10,17,Maintenance,85.1034110559868,60,3920,234,18,14.856448974246797,1,1,wear,1,1.0,2.0,2.0,wear,0.4080404994665968,4.080404994665968,20402.02497332984,12241.214983997905,8160.809989331936,6120.607491998952,⚠️ PREVENTIVE,8133.607491998952,3264.3239957327746,1200.0,⚠️ Reduce equipment workload
EQ114,Portable CT Scanner,Radiology,Canon,2021-07-21,2025-05-04,2025-06-08,16,Active,71.89335890742663,48,3050,222,12,9.808719958087044,0,1,power,0,9.0,3.0,1.0,power,0.4901680941463237,4.901680941463237,24508.404707316186,14705.042824389711,9803.361882926474,7352.521412194855,🟢 NORMAL,16812.521412194856,3921.3447531705892,1800.0,✅ Equipment operating normally
EQ115,Microbiology Analyzer,Laboratory,Thermo Fisher,2020-10-09,2025-05-02,2025-06-05,11,Critical,88.8349776377747,67,4320,244,21,17.880811609631735,1,0,heat,1,2.0,4.0,0.0,heat,0.25199904766491754,2.519990476649175,12599.952383245876,7559.971429947525,5039.980953298351,3779.985714973763,⚠️ PREVENTIVE,8488.985714973764,2015.9923813193404,2400.0,⚠️ Reduce equipment workload
EQ116,ELISA Reader,Laboratory,BioRad,2022-03-10,2025-05-07,2025-06-12,9,Active,65.57038624055363,39,2350,212,8,5.827882023046706,0,1,wear,0,9.0,4.0,2.0,wear,0.17905177866514593,1.7905177866514594,8952.588933257297,5371.553359954378,3581.035573302919,2685.776679977189,🟢 NORMAL,7473.776679977189,1432.4142293211676,2400.0,🛠️ Replace worn-out components
EQ117,PCR Machine,Laboratory,Roche,2021-08-26,2025-05-05,2025-06-09,12,Maintenance,80.6135061886203,57,3620,229,17,14.524273810822072,1,1,power,1,6.0,2.0,1.0,power,0.22510828857369214,2.2510828857369214,11255.414428684608,6753.248657210765,4502.165771473843,3376.6243286053823,⚠️ PREVENTIVE,11800.624328605383,1800.866308589537,1200.0,⚠️ Reduce equipment workload
EQ118,Lab Refrigerator,Laboratory,Haier,2020-11-15,2025-05-03,2025-06-06,8,Active,64.54887950905102,36,2200,210,7,5.13872738114544,0,1,power,0,4.0,2.0,1.0,power,0.5015513663627031,5.015513663627031,25077.568318135156,15046.540990881093,10031.027327254063,7523.270495440547,🟢 NORMAL,14428.270495440547,4012.4109309016253,1200.0,✅ Equipment operating normally
EQ119,Deep Freezer,Laboratory,Thermo Fisher,2022-02-13,2025-05-06,2025-06-10,10,Critical,88.2069376201203,65,4200,239,20,18.122270382348315,1,0,heat,1,1.0,3.0,0.0,heat,0.23314421292712786,2.3314421292712786,11657.210646356392,6994.326387813835,4662.884258542557,3497.163193906918,⚠️ PREVENTIVE,10413.163193906918,1865.1537034170228,1800.0,⚠️ Reduce equipment workload
EQ120,Blood Storage Refrigerator,Blood Bank,Haier Biomedical,2021-07-06,2025-05-04,2025-06-08,11,Active,70.99477094750647,45,2780,218,11,8.49341866771647,0,1,wear,0,5.0,1.0,2.0,wear,0.7178909300145254,7.178909300145254,35894.546500726276,21536.727900435766,14357.81860029051,10768.363950217881,🟡 SCHEDULE SOON,19674.36395021788,5743.127440116204,600.0,✅ Equipment operating normally
,,ICU,,2026-05-27,2026-05-27,2026-05-27,12,Active,71.0,38,4071,235,11,5.0,No,Yes,wear,0,,,,,,,,,,,,,,,
